Name,draft_year,draft_pick,actual_tier,pred_tier,actual_tier_label,pred_tier_label,confidence,p_bust,p_bench,p_starter,p_star,ordinal_error,within_one,distance_weighted_credit,expected_class,expected_class_error
Austin Reaves,2021,77,3,0,star,bust,0.4957,0.4957,0.294,0.1888,0.0215,3,False,0.0,0.7361,2.2639
Ousmane Dieng,2022,14,0,3,bust,star,0.375,0.0983,0.1864,0.3404,0.375,3,False,0.0,1.992,1.992
Wendell Moore,2022,20,0,3,bust,star,0.3722,0.1089,0.1869,0.332,0.3722,3,False,0.0,1.9676,1.9676
TyTy Washington,2022,22,0,3,bust,star,0.3828,0.1129,0.1932,0.3111,0.3828,3,False,0.0,1.9639,1.9639
Sharife Cooper,2021,35,0,3,bust,star,0.4136,0.1344,0.2241,0.2279,0.4136,3,False,0.0,1.9208,1.9208
Kennedy Chandler,2022,25,0,3,bust,star,0.3989,0.1388,0.2242,0.2382,0.3989,3,False,0.0,1.8971,1.8971
Jaden Springer,2021,29,0,3,bust,star,0.3501,0.1273,0.2161,0.3065,0.3501,3,False,0.0,1.8794,1.8794
Kobe Bufkin,2023,11,0,2,bust,starter,0.482,0.0413,0.1075,0.482,0.3692,2,False,0.3333,2.1792,2.1792
James Bouknight,2021,7,0,2,bust,starter,0.4451,0.046,0.1193,0.4451,0.3896,2,False,0.3333,2.1783,2.1783
Jalen Williams,2022,21,3,1,star,bench,0.4035,0.3945,0.4035,0.1701,0.0319,2,False,0.3333,0.8394,2.1606
Dalen Terry,2022,31,0,2,bust,starter,0.3801,0.1217,0.2405,0.3801,0.2577,2,False,0.3333,1.7737,1.7737
Jason Preston,2021,36,0,2,bust,starter,0.3531,0.1556,0.2137,0.3531,0.2776,2,False,0.3333,1.7528,1.7528
Joel Ayayi,2021,30,0,2,bust,starter,0.3348,0.1532,0.2426,0.3348,0.2694,2,False,0.3333,1.7204,1.7204
Amari Bailey,2023,42,0,2,bust,starter,0.355,0.1493,0.2627,0.355,0.233,2,False,0.3333,1.6716,1.6716
Jalen Johnson,2021,17,3,1,star,bench,0.3165,0.2206,0.3165,0.2738,0.189,2,False,0.3333,1.4313,1.5687
Marcus Bagley,2023,89,2,0,starter,bust,0.6019,0.6019,0.2679,0.1213,0.0089,2,False,0.3333,0.5372,1.4628
Leaky Black,2023,81,2,0,starter,bust,0.5192,0.5192,0.3196,0.1386,0.0226,2,False,0.3333,0.6646,1.3354
Jalen Hood-Schifino,2023,14,1,3,bench,star,0.4694,0.0518,0.1177,0.361,0.4694,2,False,0.3333,2.248,1.248
Cam Whitmore,2023,9,1,3,bench,star,0.4415,0.0555,0.1309,0.3721,0.4415,2,False,0.3333,2.1996,1.1996
Toumani Camara,2023,57,2,0,starter,bust,0.438,0.438,0.3366,0.1925,0.033,2,False,0.3333,0.8204,1.1796
Mac McClung,2021,64,2,0,starter,bust,0.423,0.423,0.3603,0.1771,0.0396,2,False,0.3333,0.8333,1.1667
Dariq Whitehead,2023,38,2,0,starter,bust,0.45,0.45,0.2933,0.211,0.0458,2,False,0.3333,0.8526,1.1474
Drew Timme,2023,65,2,0,starter,bust,0.412,0.412,0.3503,0.197,0.0407,2,False,0.3333,0.8664,1.1336
Scotty Pippen Jr.,2022,62,2,0,starter,bust,0.4039,0.4039,0.3463,0.2066,0.0431,2,False,0.3333,0.8889,1.1111
Jabari Walker,2022,52,2,0,starter,bust,0.4007,0.4007,0.3339,0.2094,0.056,2,False,0.3333,0.9208,1.0792
Miles McBride,2021,20,1,3,bench,star,0.3806,0.0749,0.184,0.3605,0.3806,2,False,0.3333,2.0469,1.0469
Moses Moody,2021,8,1,3,bench,star,0.4146,0.1001,0.1959,0.2894,0.4146,2,False,0.3333,2.0185,1.0185
Malaki Branham,2022,9,1,3,bench,star,0.3952,0.0977,0.2029,0.3043,0.3952,2,False,0.3333,1.9969,0.9969
Nah'Shon Hyland,2021,21,1,3,bench,star,0.3646,0.1149,0.204,0.3166,0.3646,2,False,0.3333,1.9309,0.9309
Jaylin Williams,2022,26,1,3,bench,star,0.3778,0.1206,0.2172,0.2844,0.3778,2,False,0.3333,1.9193,0.9193
Ryan Rollins,2022,36,1,3,bench,star,0.3393,0.1172,0.2179,0.3256,0.3393,2,False,0.3333,1.8869,0.8869
EJ Liddell,2022,32,0,1,bust,bench,0.3252,0.1763,0.3252,0.2703,0.2282,1,True,0.6667,1.5504,1.5504
Kai Jones,2021,11,0,1,bust,bench,0.315,0.1931,0.315,0.2776,0.2143,1,True,0.6667,1.513,1.513
Andre Jackson,2023,29,0,1,bust,bench,0.337,0.2063,0.337,0.2801,0.1766,1,True,0.6667,1.427,1.427
Trevor Keels,2022,47,0,1,bust,bench,0.3092,0.2752,0.3092,0.2352,0.1805,1,True,0.6667,1.321,1.321
Mark Williams,2022,13,3,2,star,starter,0.3568,0.153,0.2468,0.3568,0.2434,1,True,0.6667,1.6905,1.3095
Aaron Henry,2021,54,0,1,bust,bench,0.35,0.2431,0.35,0.2716,0.1353,1,True,0.6667,1.2991,1.2991
Bryce McGowens,2022,37,0,1,bust,bench,0.3499,0.2623,0.3499,0.2367,0.151,1,True,0.6667,1.2765,1.2765
Jaylen Clark,2023,64,0,1,bust,bench,0.3268,0.2783,0.3268,0.2395,0.1554,1,True,0.6667,1.272,1.272
Maxwell Lewis,2023,28,0,1,bust,bench,0.3232,0.2616,0.3232,0.3073,0.1079,1,True,0.6667,1.2614,1.2614
Terquavion Smith,2023,44,0,1,bust,bench,0.377,0.26,0.377,0.2369,0.1261,1,True,0.6667,1.2291,1.2291
Moses Wright,2021,43,0,1,bust,bench,0.3821,0.2866,0.3821,0.2268,0.1045,1,True,0.6667,1.1491,1.1491
Julian Phillips,2023,30,0,1,bust,bench,0.3295,0.3278,0.3295,0.2449,0.0977,1,True,0.6667,1.1126,1.1126
Isaiah Wong,2023,45,0,1,bust,bench,0.4008,0.2856,0.4008,0.2357,0.078,1,True,0.6667,1.106,1.106
Ziaire Williams,2021,10,1,2,bench,starter,0.4803,0.056,0.1234,0.4803,0.3403,1,True,0.6667,2.1049,1.1049
AJ Griffin,2022,7,1,2,bench,starter,0.3944,0.0748,0.1639,0.3944,0.3669,1,True,0.6667,2.0534,1.0534
Jalen Slawson,2023,69,2,1,starter,bench,0.3886,0.3451,0.3886,0.2174,0.049,1,True,0.6667,0.9702,1.0298
Keon Johnson,2021,16,1,2,bench,starter,0.4251,0.0704,0.1709,0.4251,0.3336,1,True,0.6667,2.0219,1.0219
Jett Howard,2023,26,0,1,bust,bench,0.4095,0.3173,0.4095,0.2097,0.0636,1,True,0.6667,1.0196,1.0196
Christian Koloko,2022,39,0,1,bust,bench,0.3732,0.337,0.3732,0.2319,0.0579,1,True,0.6667,1.0106,1.0106
Javonte Smart,2021,97,0,1,bust,bench,0.37,0.3619,0.37,0.2077,0.0604,1,True,0.6667,0.9665,0.9665
Taylor Hendricks,2023,4,1,2,bench,starter,0.3555,0.0929,0.2062,0.3555,0.3454,1,True,0.6667,1.9535,0.9535
Izaiah Brockington,2022,78,0,1,bust,bench,0.3884,0.3651,0.3884,0.1823,0.0641,1,True,0.6667,0.9455,0.9455
Franz Wagner,2021,12,3,2,star,starter,0.4876,0.0546,0.1314,0.4876,0.3265,1,True,0.6667,2.086,0.914
Jacob Toppin,2023,67,0,1,bust,bench,0.3893,0.3886,0.3893,0.1749,0.0472,1,True,0.6667,0.8807,0.8807
Scottie Barnes,2021,5,3,2,star,starter,0.5374,0.0507,0.0956,0.5374,0.3164,1,True,0.6667,2.1195,0.8805
Cameron Thomas,2021,23,2,1,starter,bench,0.3416,0.324,0.3416,0.2217,0.1128,1,True,0.6667,1.1233,0.8767
Brice Sensabaugh,2023,35,2,1,starter,bench,0.3561,0.2972,0.3561,0.2424,0.1043,1,True,0.6667,1.1539,0.8461
Walker Kessler,2022,27,2,1,starter,bench,0.3642,0.2815,0.3642,0.2702,0.0841,1,True,0.6667,1.1569,0.8431
GG Jackson,2023,31,2,1,starter,bench,0.3371,0.3109,0.3371,0.2213,0.1307,1,True,0.6667,1.1717,0.8283
Dereck Lively,2023,19,2,1,starter,bench,0.3443,0.2888,0.3443,0.2403,0.1266,1,True,0.6667,1.2047,0.7953
Quentin Grimes,2021,37,2,1,starter,bench,0.3237,0.3022,0.3237,0.2255,0.1487,1,True,0.6667,1.2207,0.7793
Jared Butler,2021,25,1,2,bench,starter,0.3668,0.1447,0.2286,0.3668,0.26,1,True,0.6667,1.742,0.742
Herbert Jones,2021,41,2,1,starter,bench,0.3742,0.2405,0.3742,0.2444,0.1408,1,True,0.6667,1.2856,0.7144
Andrew Nembhard,2022,34,2,1,starter,bench,0.3639,0.2249,0.3639,0.2662,0.1451,1,True,0.6667,1.3314,0.6686
Jalen Duren,2022,16,2,1,starter,bench,0.3008,0.2608,0.3008,0.2844,0.154,1,True,0.6667,1.3316,0.6684
Jalen Suggs,2021,3,2,3,starter,star,0.724,0.0211,0.0303,0.2246,0.724,1,True,0.6667,2.6514,0.6514
Leonard Miller,2023,33,1,2,bench,starter,0.3317,0.1553,0.2771,0.3317,0.236,1,True,0.6667,1.6483,0.6483
Ochai Agbaji,2022,17,2,1,starter,bench,0.354,0.2283,0.354,0.2215,0.1961,1,True,0.6667,1.3854,0.6146
Shaedon Sharpe,2022,10,2,1,starter,bench,0.3445,0.1943,0.3445,0.3085,0.1527,1,True,0.6667,1.4195,0.5805
Blake Wesley,2022,18,1,2,bench,starter,0.2912,0.189,0.2904,0.2912,0.2294,1,True,0.6667,1.561,0.561
Noah Clowney,2023,20,2,1,starter,bench,0.3352,0.201,0.3352,0.2687,0.1951,1,True,0.6667,1.4578,0.5422
Anthony Black,2023,5,2,3,starter,star,0.6097,0.028,0.0479,0.3144,0.6097,1,True,0.6667,2.5059,0.5059
Christian Braun,2022,30,2,1,starter,bench,0.3483,0.1721,0.3483,0.2828,0.1968,1,True,0.6667,1.5043,0.4957
Jaylen Martin,2023,85,1,0,bench,bust,0.6173,0.6173,0.2672,0.1073,0.0082,1,True,0.6667,0.5065,0.4935
Jabari Smith,2022,1,2,3,starter,star,0.5969,0.0249,0.055,0.3232,0.5969,1,True,0.6667,2.4921,0.4921
Justin Powell,2023,100,1,0,bench,bust,0.5787,0.5787,0.301,0.11,0.0103,1,True,0.6667,0.552,0.448
Joey Hauser,2023,98,1,0,bench,bust,0.588,0.588,0.2734,0.1266,0.0119,1,True,0.6667,0.5624,0.4376
Cason Wallace,2023,13,2,3,starter,star,0.5802,0.0408,0.0645,0.3144,0.5802,1,True,0.6667,2.4341,0.4341
Bennedict Mathurin,2022,5,2,3,starter,star,0.5475,0.0346,0.0798,0.3382,0.5475,1,True,0.6667,2.3986,0.3986
Jose Alvarado,2021,90,1,0,bench,bust,0.579,0.579,0.2361,0.1731,0.0117,1,True,0.6667,0.6175,0.3825
Bryson Williams,2022,57,1,0,bench,bust,0.5593,0.5593,0.2746,0.1538,0.0123,1,True,0.6667,0.6191,0.3809
Brandin Podziemski,2023,23,2,3,starter,star,0.3317,0.2382,0.2184,0.2117,0.3317,1,True,0.6667,1.637,0.363
Olivier Sarr,2021,81,1,0,bench,bust,0.4901,0.4901,0.3613,0.1325,0.016,1,True,0.6667,0.6745,0.3255
Collin Gillespie,2022,96,1,0,bench,bust,0.4945,0.4945,0.3413,0.1424,0.0218,1,True,0.6667,0.6914,0.3086
Baylor Scheierman,2023,70,1,0,bench,bust,0.4992,0.4992,0.3193,0.166,0.0155,1,True,0.6667,0.6979,0.3021
Gradey Dick,2023,7,2,3,starter,star,0.4793,0.0453,0.0982,0.3773,0.4793,1,True,0.6667,2.2906,0.2906
Keion Brooks,2023,77,1,0,bench,bust,0.4809,0.4809,0.3547,0.1382,0.0262,1,True,0.6667,0.7097,0.2903
Dalano Banton,2021,88,1,0,bench,bust,0.4824,0.4824,0.3424,0.1539,0.0213,1,True,0.6667,0.7141,0.2859
DeJon Jarreau,2021,85,1,0,bench,bust,0.4848,0.4848,0.3378,0.1531,0.0244,1,True,0.6667,0.717,0.283
Moussa Diabate,2022,68,1,0,bench,bust,0.4979,0.4979,0.3011,0.1804,0.0207,1,True,0.6667,0.7238,0.2762
Jarace Walker,2023,10,2,3,starter,star,0.4623,0.0455,0.1016,0.3907,0.4623,1,True,0.6667,2.2698,0.2698
Tre Mann,2021,33,2,3,starter,star,0.3085,0.1651,0.2458,0.2806,0.3085,1,True,0.6667,1.7325,0.2675
Tosan Evbuomwan,2023,68,1,0,bench,bust,0.4738,0.4738,0.3314,0.1722,0.0226,1,True,0.6667,0.7435,0.2565
Peyton Watson,2022,44,1,0,bench,bust,0.4893,0.4893,0.2959,0.1882,0.0267,1,True,0.6667,0.7523,0.2477
Davion Mitchell,2021,13,2,3,starter,star,0.4786,0.0576,0.1327,0.3312,0.4786,1,True,0.6667,2.2309,0.2309
Kessler Edwards,2021,61,1,0,bench,bust,0.4508,0.4508,0.3388,0.1864,0.024,1,True,0.6667,0.7835,0.2165
Jeremiah Robinson-Earl,2021,44,1,0,bench,bust,0.3187,0.3187,0.2908,0.2473,0.1433,1,True,0.6667,1.2151,0.2151
Charles Bassey,2021,31,1,0,bench,bust,0.4886,0.4886,0.2707,0.2066,0.0341,1,True,0.6667,0.7863,0.2137
Jericho Sims,2021,45,1,0,bench,bust,0.4708,0.4708,0.2962,0.2064,0.0266,1,True,0.6667,0.7888,0.2112
Bilal Coulibaly,2023,12,2,3,starter,star,0.3106,0.1312,0.2566,0.3016,0.3106,1,True,0.6667,1.7916,0.2084
Isaiah Livers,2021,49,1,0,bench,bust,0.414,0.414,0.3984,0.1635,0.0241,1,True,0.6667,0.7976,0.2024
Ayo Dosunmu,2021,24,2,3,starter,star,0.3383,0.1517,0.2325,0.2776,0.3383,1,True,0.6667,1.8023,0.1977
Sam Hauser,2021,66,1,0,bench,bust,0.4429,0.4429,0.343,0.1793,0.0348,1,True,0.6667,0.8061,0.1939
Keon Ellis,2022,80,1,0,bench,bust,0.4262,0.4262,0.3684,0.1718,0.0336,1,True,0.6667,0.8128,0.1872
Jalen Pickett,2023,41,1,0,bench,bust,0.4731,0.4731,0.2805,0.2057,0.0407,1,True,0.6667,0.814,0.186
Ben Sheppard,2023,37,1,0,bench,bust,0.4597,0.4597,0.2914,0.2189,0.03,1,True,0.6667,0.8193,0.1807
Duane Washington Jr.,2021,62,1,0,bench,bust,0.4235,0.4235,0.3587,0.182,0.0359,1,True,0.6667,0.8302,0.1698
Justin Champagnie,2021,58,1,0,bench,bust,0.4656,0.4656,0.2892,0.1944,0.0508,1,True,0.6667,0.8304,0.1696
David Roddy,2022,65,1,0,bench,bust,0.4475,0.4475,0.2967,0.2171,0.0387,1,True,0.6667,0.847,0.153
Colin Castleton,2023,79,1,0,bench,bust,0.4097,0.4097,0.3699,0.1808,0.0396,1,True,0.6667,0.8503,0.1497
Jordan Miller,2023,54,1,0,bench,bust,0.4037,0.4037,0.3639,0.2,0.0324,1,True,0.6667,0.8612,0.1388
Damion Baugh,2023,87,1,0,bench,bust,0.4002,0.4002,0.3672,0.1929,0.0397,1,True,0.6667,0.8719,0.1281
Rayan Rupert,2023,22,1,0,bench,bust,0.402,0.402,0.366,0.1853,0.0467,1,True,0.6667,0.8767,0.1233
Jaime Jaquez,2023,24,2,3,starter,star,0.3545,0.1088,0.2506,0.2861,0.3545,1,True,0.6667,1.8862,0.1138
Keegan Murray,2022,6,2,3,starter,star,0.4344,0.0834,0.1649,0.3173,0.4344,1,True,0.6667,2.1027,0.1027
Johnny Juzang,2022,67,1,0,bench,bust,0.3873,0.3873,0.3636,0.1923,0.0568,1,True,0.6667,0.9187,0.0813
Orlando Robinson,2022,60,1,0,bench,bust,0.3998,0.3998,0.3374,0.2049,0.0579,1,True,0.6667,0.9208,0.0792
Kobe Brown,2023,58,1,0,bench,bust,0.3812,0.3812,0.3436,0.2258,0.0495,1,True,0.6667,0.9435,0.0565
Neemias Queta,2021,46,1,0,bench,bust,0.3854,0.3854,0.3401,0.2155,0.0589,1,True,0.6667,0.9479,0.0521
Jordan Walsh,2023,43,1,0,bench,bust,0.3557,0.3557,0.3306,0.2291,0.0847,1,True,0.6667,1.0428,0.0428
Trendon Watford,2021,80,1,0,bench,bust,0.3546,0.3546,0.3428,0.2366,0.066,1,True,0.6667,1.014,0.014
Jake LaRavia,2022,42,1,0,bench,bust,0.3686,0.3686,0.3237,0.24,0.0677,1,True,0.6667,1.0068,0.0068
Dereon Seabron,2022,66,0,0,bust,bust,0.3315,0.3315,0.3118,0.2447,0.1121,0,True,1.0,1.1373,1.1373
JD Davison,2022,50,0,0,bust,bust,0.3424,0.3424,0.3304,0.2387,0.0885,0,True,1.0,1.0733,1.0733
JT Thor,2021,39,0,0,bust,bust,0.3494,0.3494,0.3245,0.2319,0.0942,0,True,1.0,1.0709,1.0709
Kendall Brown,2022,45,0,0,bust,bust,0.3599,0.3599,0.3114,0.2524,0.0762,0,True,1.0,1.045,1.045
Amen Thompson,2023,6,3,3,star,star,0.3704,0.0719,0.1913,0.3665,0.3704,0,True,1.0,2.0353,0.9647
Josh Minott,2022,48,0,0,bust,bust,0.3804,0.3804,0.3329,0.23,0.0568,0,True,1.0,0.9632,0.9632
Greg Brown,2021,38,0,0,bust,bust,0.3976,0.3976,0.3115,0.2216,0.0694,0,True,1.0,0.9627,0.9627
Dyson Daniels,2022,11,3,3,star,star,0.3823,0.0808,0.1757,0.3612,0.3823,0,True,1.0,2.045,0.955
Jamaree Bouyea,2022,43,0,0,bust,bust,0.3724,0.3724,0.3653,0.2056,0.0567,0,True,1.0,0.9467,0.9467
Jordan Hall,2022,54,0,0,bust,bust,0.4065,0.4065,0.3125,0.2181,0.0629,0,True,1.0,0.9374,0.9374
Emoni Bates,2023,55,0,0,bust,bust,0.3963,0.3963,0.348,0.1887,0.067,0,True,1.0,0.9264,0.9264
Colby Jones,2023,39,0,0,bust,bust,0.4207,0.4207,0.2904,0.2435,0.0454,0,True,1.0,0.9137,0.9137
Patrick Baldwin,2022,41,0,0,bust,bust,0.4193,0.4193,0.3085,0.215,0.0571,0,True,1.0,0.91,0.91
Keyontae Johnson,2023,51,0,0,bust,bust,0.4021,0.4021,0.349,0.2069,0.042,0,True,1.0,0.8888,0.8888
Alondes Williams,2022,61,0,0,bust,bust,0.3966,0.3966,0.3593,0.2027,0.0413,0,True,1.0,0.8888,0.8888
Scottie Lewis,2021,78,0,0,bust,bust,0.4295,0.4295,0.3178,0.2129,0.0398,0,True,1.0,0.863,0.863
Adama Sanogo,2023,48,0,0,bust,bust,0.4299,0.4299,0.3241,0.2065,0.0395,0,True,1.0,0.8556,0.8556
Keyonte George,2023,16,3,3,star,star,0.4375,0.0755,0.1387,0.3483,0.4375,0,True,1.0,2.1478,0.8522
Adam Flagler,2023,53,0,0,bust,bust,0.4397,0.4397,0.3255,0.2017,0.0332,0,True,1.0,0.8283,0.8283
Seth Lundy,2023,32,0,0,bust,bust,0.4384,0.4384,0.3427,0.1847,0.0342,0,True,1.0,0.8148,0.8148
Chris Livingston,2023,62,0,0,bust,bust,0.4542,0.4542,0.3219,0.1908,0.0331,0,True,1.0,0.8029,0.8029
Carlik Jones,2021,75,0,0,bust,bust,0.4469,0.4469,0.3413,0.1767,0.0351,0,True,1.0,0.8001,0.8001
Kenneth Lofton,2022,69,0,0,bust,bust,0.4869,0.4869,0.2772,0.1975,0.0384,0,True,1.0,0.7874,0.7874
Joe Wieskamp,2021,48,0,0,bust,bust,0.474,0.474,0.3009,0.1956,0.0296,0,True,1.0,0.7808,0.7808
John Butler,2022,28,0,0,bust,bust,0.4647,0.4647,0.3274,0.1769,0.031,0,True,1.0,0.7743,0.7743
Caleb Houstan,2022,38,0,0,bust,bust,0.4827,0.4827,0.2963,0.1977,0.0233,0,True,1.0,0.7616,0.7616
Gui Santos,2022,92,0,0,bust,bust,0.4908,0.4908,0.301,0.1804,0.0278,0,True,1.0,0.7453,0.7453
Marcus Garrett,2021,68,0,0,bust,bust,0.4857,0.4857,0.3227,0.167,0.0246,0,True,1.0,0.7304,0.7304
MarJon Beauchamp,2022,33,0,0,bust,bust,0.4951,0.4951,0.3148,0.1629,0.0271,0,True,1.0,0.722,0.722
Omari Moore,2023,59,0,0,bust,bust,0.4871,0.4871,0.3363,0.1535,0.0231,0,True,1.0,0.7126,0.7126
Antoine Davis,2023,99,0,0,bust,bust,0.4873,0.4873,0.3415,0.1444,0.0268,0,True,1.0,0.7108,0.7108
Yves Pons,2021,79,0,0,bust,bust,0.4755,0.4755,0.3719,0.1274,0.0253,0,True,1.0,0.7024,0.7024
Matthew Hurt,2021,83,0,0,bust,bust,0.5637,0.5637,0.2089,0.1967,0.0307,0,True,1.0,0.6944,0.6944
Chet Holmgren,2022,4,3,3,star,star,0.521,0.053,0.103,0.323,0.521,0,True,1.0,2.312,0.688
Kendric Davis,2023,95,0,0,bust,bust,0.5192,0.5192,0.2985,0.1594,0.0229,0,True,1.0,0.6859,0.6859
Jermaine Samuels,2022,94,0,0,bust,bust,0.4977,0.4977,0.3527,0.1252,0.0244,0,True,1.0,0.6763,0.6763
Evan Mobley,2021,2,3,3,star,star,0.467,0.0335,0.0738,0.4256,0.467,0,True,1.0,2.3262,0.6738
DMoi Hodge,2023,90,0,0,bust,bust,0.5239,0.5239,0.3026,0.1531,0.0203,0,True,1.0,0.6699,0.6699
Michael Foster,2022,53,0,0,bust,bust,0.549,0.549,0.2568,0.1769,0.0172,0,True,1.0,0.6624,0.6624
Jamorko Pickett,2021,93,0,0,bust,bust,0.5031,0.5031,0.3513,0.1257,0.0199,0,True,1.0,0.6623,0.6623
Drew Peterson,2023,73,0,0,bust,bust,0.5162,0.5162,0.3293,0.1364,0.0181,0,True,1.0,0.6564,0.6564
Gabe Brown,2022,87,0,0,bust,bust,0.5202,0.5202,0.325,0.1388,0.016,0,True,1.0,0.6506,0.6506
Luka Garza,2021,73,0,0,bust,bust,0.5586,0.5586,0.2539,0.1704,0.0172,0,True,1.0,0.6461,0.6461
McKinley Wright,2021,74,0,0,bust,bust,0.5327,0.5327,0.3049,0.1482,0.0141,0,True,1.0,0.6438,0.6438
Lester Quinones,2022,51,0,0,bust,bust,0.5706,0.5706,0.2438,0.1731,0.0126,0,True,1.0,0.6275,0.6275
Buddy Boeheim,2022,98,0,0,bust,bust,0.5485,0.5485,0.3064,0.1305,0.0146,0,True,1.0,0.6111,0.6111
Donovan Williams,2022,58,0,0,bust,bust,0.5702,0.5702,0.268,0.1499,0.0119,0,True,1.0,0.6035,0.6035
Feron Hunt,2021,89,0,0,bust,bust,0.5659,0.5659,0.2816,0.1375,0.0151,0,True,1.0,0.6017,0.6017
Hunter Tyson,2023,60,0,0,bust,bust,0.5832,0.5832,0.2449,0.161,0.0108,0,True,1.0,0.5995,0.5995
Cade Cunningham,2021,1,3,3,star,star,0.5538,0.0309,0.0596,0.3556,0.5538,0,True,1.0,2.4324,0.5676
Nick Smith,2023,18,1,1,bench,bench,0.3201,0.1857,0.3201,0.2428,0.2513,0,True,1.0,1.5598,0.5598
Markquis Nowell,2023,92,0,0,bust,bust,0.6098,0.6098,0.2354,0.1436,0.0112,0,True,1.0,0.5562,0.5562
Alex Fudge,2023,88,0,0,bust,bust,0.6165,0.6165,0.2468,0.1278,0.0089,0,True,1.0,0.5291,0.5291
Brandon Miller,2023,3,3,3,star,star,0.604,0.0348,0.0556,0.3056,0.604,0,True,1.0,2.4788,0.5212
Paolo Banchero,2022,3,3,3,star,star,0.6247,0.0342,0.0507,0.2904,0.6247,0,True,1.0,2.5057,0.4943
Kris Murray,2023,17,1,1,bench,bench,0.3407,0.1909,0.3407,0.2616,0.2068,0,True,1.0,1.4843,0.4843
Scoot Henderson,2023,2,2,2,starter,starter,0.3346,0.1645,0.3127,0.3346,0.1882,0,True,1.0,1.5465,0.4535
Olivier-Maxence Prosper,2023,27,1,1,bench,bench,0.3559,0.1851,0.3559,0.2884,0.1707,0,True,1.0,1.4446,0.4446
Jaden Hardy,2022,24,1,1,bench,bench,0.3045,0.2457,0.3045,0.2253,0.2245,0,True,1.0,1.4286,0.4286
Trayce Jackson-Davis,2023,21,1,1,bench,bench,0.3144,0.258,0.3144,0.232,0.1956,0,True,1.0,1.3653,0.3653
Oscar Tshiebwe,2023,63,1,1,bench,bench,0.2827,0.2765,0.2827,0.2583,0.1825,0,True,1.0,1.3469,0.3469
Joshua Primo,2021,19,1,1,bench,bench,0.385,0.2356,0.385,0.2399,0.1396,0,True,1.0,1.2835,0.2835
Jeremy Sochan,2022,12,2,2,starter,starter,0.4412,0.0354,0.0853,0.4412,0.4381,0,True,1.0,2.2822,0.2822
Jordan Hawkins,2023,15,1,1,bench,bench,0.3583,0.2539,0.3583,0.2479,0.1399,0,True,1.0,1.2737,0.2737
Ricky Council,2023,49,1,1,bench,bench,0.3628,0.2532,0.3628,0.2412,0.1427,0,True,1.0,1.2735,0.2735
Isaiah Jackson,2021,34,1,1,bench,bench,0.3011,0.2953,0.3011,0.2463,0.1573,0,True,1.0,1.2656,0.2656
Chris Duarte,2021,22,2,2,starter,starter,0.2985,0.136,0.2765,0.2985,0.289,0,True,1.0,1.7405,0.2595
Max Christie,2022,15,1,1,bench,bench,0.3292,0.2955,0.3292,0.2298,0.1454,0,True,1.0,1.2251,0.2251
Julian Strawther,2023,25,1,1,bench,bench,0.3573,0.283,0.3573,0.235,0.1247,0,True,1.0,1.2015,0.2015
Tyrese Martin,2022,95,1,1,bench,bench,0.425,0.3978,0.425,0.1432,0.034,0,True,1.0,0.8134,0.1866
Day'Ron Sharpe,2021,53,1,1,bench,bench,0.3467,0.2908,0.3467,0.2634,0.0991,0,True,1.0,1.1708,0.1708
Jalen Wilson,2023,50,1,1,bench,bench,0.3788,0.2941,0.3788,0.2141,0.113,0,True,1.0,1.1459,0.1459
Jaden Ivey,2022,2,2,2,starter,starter,0.4803,0.0503,0.1182,0.4803,0.3513,0,True,1.0,2.1325,0.1325
Tari Eason,2022,19,2,2,starter,starter,0.3945,0.1038,0.2108,0.3945,0.291,0,True,1.0,1.8727,0.1273
Quenton Jackson,2022,89,1,1,bench,bench,0.3856,0.3761,0.3856,0.1871,0.0513,0,True,1.0,0.9135,0.0865
Jared Rhoden,2022,63,1,1,bench,bench,0.4154,0.2966,0.4154,0.2027,0.0854,0,True,1.0,1.0768,0.0768
David Duke,2021,51,1,1,bench,bench,0.3448,0.3369,0.3448,0.2257,0.0926,0,True,1.0,1.0739,0.0739
Corey Kispert,2021,14,2,2,starter,starter,0.5855,0.0798,0.1192,0.5855,0.2155,0,True,1.0,1.9366,0.0634
Sandro Mamukelashvili,2021,72,1,1,bench,bench,0.404,0.3096,0.404,0.2006,0.0857,0,True,1.0,1.0624,0.0624
Ausar Thompson,2023,8,2,2,starter,starter,0.3605,0.0899,0.2109,0.3605,0.3387,0,True,1.0,1.9479,0.0521
Mouhamed Gueye,2023,76,1,1,bench,bench,0.3928,0.3149,0.3928,0.2208,0.0715,0,True,1.0,1.0489,0.0489
Julian Champagnie,2022,59,1,1,bench,bench,0.3648,0.3371,0.3648,0.2118,0.0863,0,True,1.0,1.0474,0.0474
Marcus Sasser,2023,40,1,1,bench,bench,0.3797,0.3279,0.3797,0.2182,0.0742,0,True,1.0,1.0387,0.0387
Ron Harper Jr.,2022,35,1,1,bench,bench,0.3991,0.3223,0.3991,0.2026,0.0759,0,True,1.0,1.0321,0.0321
Aaron Wiggins,2021,40,1,1,bench,bench,0.3962,0.3222,0.3962,0.2138,0.0679,0,True,1.0,1.0274,0.0274
